{
    "iteration": [
        0,
        1,
        2,
        3,
        4,
        5,
        6,
        7,
        8,
        9,
        10,
        11,
        12,
        13,
        14,
        15,
        16,
        17,
        18,
        19,
        20,
        21,
        22,
        23,
        24,
        25,
        26,
        27,
        28,
        29,
        30,
        31,
        32,
        33,
        34,
        35,
        36,
        37,
        38,
        39,
        40,
        41,
        42,
        43,
        44,
        45,
        46,
        47,
        48,
        49,
        50,
        51,
        52,
        53,
        54,
        55,
        56,
        57,
        58,
        59,
        60,
        61,
        62,
        63,
        64,
        65,
        66,
        67,
        68,
        69,
        70,
        71,
        72,
        73,
        74,
        75,
        76,
        77,
        78,
        79,
        80,
        81,
        82,
        83,
        84,
        85,
        86,
        87,
        88,
        89,
        90,
        91,
        92,
        93,
        94,
        95,
        96,
        97,
        98,
        99
    ],
    "objective": [
        1.119985692892545,
        1.1703437042859053,
        1.1401739093234737,
        1.1344840488712813,
        1.1386937889370385,
        1.1401883382647764,
        1.1369763132753488,
        1.1389203556188843,
        1.0314394740554282,
        0.9977623110566165,
        0.9583357960173993,
        0.99222429891215,
        0.9818952639104717,
        0.9780756962635254,
        0.9896840626007377,
        0.9920075376307346,
        0.9677373818119374,
        0.9707533311267369,
        0.9930837638371892,
        0.9707194435932849,
        0.9763739136421387,
        0.9739770473774984,
        0.9730201935388857,
        1.0228972858833791,
        1.0150266329801378,
        0.974203763552483,
        0.9632574303764703,
        0.9836363833686481,
        0.9790825520574031,
        0.9741011006293537,
        0.9725721002014012,
        1.0002630927269234,
        1.0087805283420075,
        0.9835418475557142,
        0.9840287034842556,
        0.981837354366865,
        0.968759450809102,
        0.9911445967640905,
        0.9678211493773726,
        0.9696271045203778,
        0.9716836065510179,
        0.9725252104726524,
        0.9747065034056821,
        0.9751514264883476,
        0.9782821096796095,
        0.9739900075828412,
        0.983792829744021,
        0.9708820643214714,
        0.9752966525779018,
        1.0020124491127458,
        0.9466035201694852,
        0.9448564275152169,
        0.9538296140356977,
        0.9392138147376932,
        0.9440395496593836,
        0.9329441397795063,
        0.9519848263334302,
        0.9382183226831813,
        0.9464130171436314,
        0.9330096692527089,
        0.9550331667960202,
        0.9624156248149962,
        0.9463919390157118,
        0.9447813089526195,
        0.9616162148442448,
        0.9480447870395443,
        0.9483447329840534,
        0.9407884710391784,
        0.9569476512156437,
        0.9683490884099826,
        0.9450809496520431,
        0.9604793006810917,
        0.9589531816407137,
        0.968230431266781,
        0.9598443001915538,
        0.9481063702891356,
        0.963034560118722,
        0.9614151451506855,
        0.9661932921949691,
        0.9464686894341997,
        0.9472419365660057,
        0.9790505046836305,
        0.9595760458682739,
        0.9321035055331856,
        0.9433189957130509,
        0.9786061388142517,
        0.9288964817379043,
        1.0422272022221144,
        0.9553813809579982,
        0.9462438315603776,
        0.9324633591250485,
        0.9429515676875905,
        0.9414726912077486,
        0.9430532892773702,
        0.9536322161487598,
        0.9235175602525828,
        0.9420742380678775,
        0.9484405706706184,
        0.9199011450994619,
        0.9445888785793768
    ],
    "approx_accuracy": [
        0.0,
        95.08889344823328,
        97.02807707739379,
        99.4326296146336,
        99.57991084689218,
        99.85065669549262,
        99.67931280441381,
        99.8057846082856,
        89.80936924339397,
        96.68836000587622,
        96.13405954709803,
        96.66792805705308,
        98.97241262879749,
        99.61877176230797,
        98.84587507895293,
        99.76792221487636,
        97.6021996116101,
        99.69885940916264,
        97.79170458779464,
        97.78839072428374,
        99.43614863777015,
        99.76060039256929,
        99.90436038000455,
        95.13463450641973,
        99.21602395841747,
        95.99991600892636,
        98.91133599235982,
        97.98272944585842,
        99.54565216573745,
        99.50309354244122,
        99.84721678976692,
        97.26888885040186,
        99.15187349732429,
        97.507715207042,
        99.95132625665754,
        99.78110501352332,
        98.70072406495694,
        97.7863542327169,
        97.6946441890979,
        99.81956746127479,
        99.7945611120846,
        99.91587501276159,
        99.78210843575636,
        99.95551758809316,
        99.68742122872968,
        99.57170958092802,
        99.02450688830993,
        98.71722209860826,
        99.55951417151014,
        97.36379134757279,
        94.60981819083199,
        99.82544326237064,
        99.10669523700464,
        98.54904930173896,
        99.51858902295929,
        98.89659171545662,
        98.11394422478841,
        98.63278213233261,
        99.18387905193796,
        98.66860769995924,
        97.8217249078976,
        99.26447253896345,
        98.4104010489166,
        99.83906663054243,
        98.33060092639799,
        98.65202488254273,
        99.97000990347786,
        99.24722148312792,
        98.39706789622235,
        98.86633128757946,
        97.70004769533588,
        98.47195973983425,
        99.84750448871121,
        99.07656512842578,
        99.16489344322011,
        98.83306908458486,
        98.51826831993465,
        99.83818955768487,
        99.5233250140604,
        98.04686544896114,
        99.92270517467168,
        96.86920028644566,
        98.07139434646959,
        97.29013977330312,
        98.88471689603587,
        96.53281891276396,
        95.15056473306196,
        89.28553257364857,
        91.68184386447341,
        99.09040711404971,
        98.63140436182005,
        98.9566600911791,
        99.85222165191095,
        99.8420650417635,
        98.94768331751143,
        97.03342726246505,
        98.16144372533398,
        99.36538895562428,
        97.18639770984223,
        97.5614516216936
    ],