{
    "iteration": [
        0,
        1,
        2,
        3,
        4,
        5,
        6,
        7,
        8,
        9,
        10,
        11,
        12,
        13,
        14,
        15,
        16,
        17,
        18,
        19,
        20,
        21,
        22,
        23,
        24,
        25,
        26,
        27,
        28,
        29,
        30,
        31,
        32,
        33,
        34,
        35,
        36,
        37,
        38,
        39,
        40,
        41,
        42,
        43,
        44,
        45,
        46,
        47,
        48,
        49,
        50,
        51,
        52,
        53,
        54,
        55,
        56,
        57,
        58,
        59,
        60,
        61,
        62,
        63,
        64,
        65,
        66,
        67,
        68,
        69,
        70,
        71,
        72,
        73,
        74,
        75,
        76,
        77,
        78,
        79,
        80,
        81,
        82,
        83,
        84,
        85,
        86,
        87,
        88,
        89,
        90,
        91,
        92,
        93,
        94,
        95,
        96,
        97,
        98,
        99
    ],
    "objective": [
        2.5332732174471473,
        2.5697404173536773,
        2.5546593430533853,
        2.580945473394456,
        2.5701038352143137,
        2.5497066522209426,
        2.561530551716047,
        2.5654472975262066,
        2.5287349684569405,
        2.5127078054294985,
        2.519323721545147,
        2.5578602759641242,
        2.5576081534310444,
        2.5669859936686454,
        2.5680617426351957,
        2.5964790667735795,
        2.5607257166719015,
        2.5533493673358585,
        2.5851358366140573,
        2.5463614324602104,
        2.5574607811799925,
        2.5678414244928685,
        2.577800932941944,
        2.573549606801984,
        2.582918262401634,
        2.5597858880264988,
        2.541904818654044,
        2.5405622466696394,
        2.5738847868532204,
        2.572112031102672,
        2.570455162148891,
        2.622040638687023,
        2.585179763845676,
        2.5718254503397207,
        2.569948295940624,
        2.544338578093967,
        2.56227584514944,
        2.559542629102024,
        2.5601758844085896,
        2.5714116334925547,
        2.5804759155887473,
        2.567320128371829,
        2.5485489124122944,
        2.5659026575112747,
        2.5500665562534133,
        2.5520904687300603,
        2.538275652662969,
        2.5658524921147805,
        2.5687353552495242,
        2.4790844355581827,
        2.46570441979479,
        2.4602611269011567,
        2.457281307587347,
        2.4650116547112773,
        2.478034727106589,
        2.4595407340758615,
        2.487426560457426,
        2.441047201328916,
        2.454801771418645,
        2.466748962595962,
        2.456760767899094,
        2.4595347788051236,
        2.4541441151858048,
        2.436699778490377,
        2.4391092726041212,
        2.4516478269301727,
        2.46771715820613,
        2.4844612499692706,
        2.4316951005205456,
        2.465314337936003,
        2.443390025777846,
        2.4349684772057616,
        2.4582632351844973,
        2.427081689551325,
        2.45594172557563,
        2.5493024873441787,
        2.4682331194130094,
        2.439503695824023,
        2.4222869984892204,
        2.441413979228898,
        2.4323090545012316,
        2.4222987578983344,
        2.431923305113167,
        2.443652387747425,
        2.4138865870858903,
        2.4260628023038184,
        2.444920168105642,
        2.4504626852115825,
        2.398421262234125,
        2.4285013577445564,
        2.458708802993009,
        2.4125110373359306,
        2.456274840778555,
        2.407184542109324,
        2.4665485362894985,
        2.4356053249968634,
        2.434558766465533,
        2.4415433790855103,
        2.399628167191471,
        2.413791369132417
    ],
    "approx_accuracy": [
        0.0,
        96.41897188905722,
        98.50320755793537,
        97.40563426581242,
        98.92169205637767,
        97.98094323686504,
        98.82457281110756,
        99.60909146341098,
        96.39533968379585,
        98.410058854094,
        99.34059208736076,
        96.21965315618009,
        99.9747909247135,
        99.06659945738573,
        99.89248294439425,
        97.19826503274244,
        96.48782512583522,
        99.26507891600477,
        96.87134100700173,
        96.19677005866484,
        98.8962021783819,
        98.96730496152674,
        99.00899232140658,
        99.57576979543623,
        99.06750935241331,
        97.71331278245398,
        98.22778483325902,
        99.86583288621667,
        96.72265398465579,
        99.82288146528097,
        99.8344502895821,
        94.97224675039429,
        96.38102162710726,
        98.67344597307324,
        99.81246063533155,
        97.4715429420692,
        98.22226481445101,
        99.7270515786821,
        99.93669451572588,
        98.88271362033147,
        99.09766746674633,
        98.69303719075035,
        98.14038661021918,
        98.2795963880759,
        98.42886305040751,
        99.7978134253176,
        98.62801705935493,
        97.27999302681644,
        99.71212883248616,
        91.42502763424399,
        98.67090987535451,
        99.45714949813845,
        99.70246159412487,
        99.22994551659382,
        98.70613608876465,
        98.16759714714766,
        97.24993942376908,
        95.46797270172016,
        98.63395917963058,
        98.81238931435908,
        99.00615216565609,
        99.72298331069578,
        99.46238399348458,
        98.27069348581104,
        99.75934063871502,
        98.75397258313362,
        98.4059091617691,
        98.33953113971312,
        94.86018176046495,
        96.69396089774904,
        97.83142787454734,
        99.16138133311367,
        97.69744703080845,
        96.92995849946841,
        97.15524372924541,
        91.08648358058396,
        92.21297229948003,
        97.16793424098412,
        98.29306631001542,
        98.10547792716184,
        99.0936399586124,
        99.00396396516639,
        99.04216205065231,
        98.8339434911182,
        97.06728378667034,
        98.7897614929523,
        98.13193219556902,
        99.44728143040493,
        94.92895436290864,
        97.03678083309147,
        97.02442401130966,
        95.48531063647383,
        95.71800133991337,
        95.20951528914804,
        94.236369182238,
        96.95306299039311,
        99.89539889200525,
        99.30397230952707,
        95.89510847718083,
        98.59366243612537
    ],