{
    "iteration": [
        0,
        1,
        2,
        3,
        4,
        5,
        6,
        7,
        8,
        9,
        10,
        11,
        12,
        13,
        14,
        15,
        16,
        17,
        18,
        19,
        20,
        21,
        22,
        23,
        24,
        25,
        26,
        27,
        28,
        29,
        30,
        31,
        32,
        33,
        34,
        35,
        36,
        37,
        38,
        39,
        40,
        41,
        42,
        43,
        44,
        45,
        46,
        47,
        48,
        49,
        50,
        51,
        52,
        53,
        54,
        55,
        56,
        57,
        58,
        59,
        60,
        61,
        62,
        63,
        64,
        65,
        66,
        67,
        68,
        69,
        70,
        71,
        72,
        73,
        74,
        75,
        76,
        77,
        78,
        79,
        80,
        81,
        82,
        83,
        84,
        85,
        86,
        87,
        88,
        89,
        90,
        91,
        92,
        93,
        94,
        95,
        96,
        97,
        98,
        99
    ],
    "objective": [
        1.0195673226102475,
        1.011538465765059,
        1.0166103086536618,
        1.0110871449473289,
        1.0013644197980178,
        1.0049115084778728,
        1.0050968900024033,
        1.0115635983346718,
        0.9935635377157374,
        0.9929756381403428,
        1.0021183259437287,
        1.0057773886268377,
        1.011658697149182,
        1.0020190253541332,
        1.0100853785118027,
        1.0069943881362737,
        1.002233261949422,
        1.0001041925884313,
        0.99143547242316,
        1.0124968075479017,
        0.9880935296731246,
        1.0033011585306915,
        1.0035505898487238,
        1.0126360499135816,
        1.0055722212615126,
        0.9965267656539155,
        1.0029651353622662,
        1.0053873487593983,
        1.0114644032724405,
        1.003390029927167,
        1.0056604954419186,
        1.032843129572945,
        1.0146957664409355,
        0.9966922274540957,
        1.0050571075926098,
        1.0052135885949651,
        0.9982121313797513,
        1.002669819771664,
        1.0137496348825086,
        1.0040173132271895,
        1.0160345564068027,
        1.0094911757495701,
        1.0152756529758027,
        1.0036932383382458,
        0.9974040222161459,
        1.0057117764887533,
        0.9961820892630959,
        1.0061635093682892,
        1.0038446385640831,
        0.9598497468703192,
        1.0016930723445332,
        0.9766114275691702,
        0.9698040327107454,
        0.9656091093652713,
        0.9630179943522245,
        0.9826260011491101,
        0.9646365498349259,
        0.9731678217442918,
        0.9595920518242408,
        0.9637499345472864,
        0.9708237608007521,
        0.9728846998390464,
        0.9753448654314163,
        0.9605199420861757,
        0.9682932980717134,
        0.9773348259330956,
        0.9720461433854889,
        0.96199590765912,
        0.9796581973378776,
        0.971454425600155,
        0.9670187720738805,
        0.9737795780543377,
        0.9788549503804529,
        0.9701786628322714,
        0.9910181540800822,
        0.9960799915873919,
        0.999190506796383,
        0.9665179244898948,
        0.9711237066316507,
        0.9648169983483909,
        0.9583915284663532,
        0.9653264229928988,
        0.9721982508432656,
        0.9741960161655651,
        0.9724747902990127,
        0.9745791190332747,
        0.9745689626523675,
        0.9740534359392361,
        0.9646096185548847,
        0.9703182568076275,
        0.973724618992223,
        0.9672912276651406,
        0.9722372102452618,
        0.9520452709086308,
        0.9635513217974473,
        1.0182225871029968,
        0.9649733735176628,
        0.9707686860790544,
        0.9553939515715157,
        0.9682011912341829
    ],
    "approx_accuracy": [
        0.0,
        99.20032883387093,
        99.49409971897488,
        99.44920609200665,
        99.03243877306936,
        99.64591948076385,
        99.98146356575626,
        99.35541558276874,
        98.21609728207473,
        99.94122732037003,
        99.08989794863865,
        99.63476235291745,
        99.41359525168791,
        99.04066409085561,
        99.1966092570784,
        99.69137818170218,
        99.52501900080314,
        99.78731954995477,
        99.13687448533003,
        97.91589058939903,
        97.58920747091906,
        98.49074231689589,
        99.97505997873726,
        99.09556880167274,
        99.29610615443669,
        99.09953314541477,
        99.35823121842057,
        99.75807177946035,
        99.39413734346242,
        99.19581368485281,
        99.77321100424686,
        97.318348877217,
        98.20163086961628,
        98.21575565094831,
        99.16700081248653,
        99.98435312401581,
        99.30229958839635,
        99.55522323543143,
        98.89813399698828,
        99.03148841223576,
        98.80546755108043,
        99.3477980640884,
        99.42322206504815,
        98.84844033070132,
        99.37305196018625,
        99.17266597508943,
        99.05155763469777,
        99.00682289418224,
        99.76838156997441,
        95.6958845899401,
        95.90200228099046,
        97.52302863202115,
        99.32157229668216,
        99.5813863055077,
        99.74122390279312,
        98.05829798422472,
        98.21713929210965,
        99.15050161231491,
        98.65159652500111,
        99.58507493035282,
        99.29511343650952,
        99.79411832383542,
        99.75428581348696,
        98.52844248046374,
        99.22567784137433,
        99.09992238399539,
        99.47252779122817,
        99.00000991258662,
        98.24927742892343,
        99.18297873645307,
        99.55741694556795,
        99.32619968508503,
        99.49374856138677,
        99.13612428147883,
        97.93761503980957,
        99.49509520035906,
        99.68943174314758,
        96.78554006994587,
        99.5404808207627,
        99.37131372594918,
        99.35951293061296,
        99.30890963643674,
        99.31517291678252,
        99.80042288826365,
        99.82802545931658,
        99.78978838132011,
        99.99898436706687,
        99.94846061479325,
        99.06006354142818,
        99.43076250607665,
        99.6599432885168,
        99.35872586280898,
        99.50662286512461,
        98.00105526780861,
        98.85598905638295,
        94.6796341606671,
        94.81436927473956,
        99.42214478695081,
        98.47428533245065,
        98.72744240306277
    ],