{
    "iteration": [
        0,
        1,
        2,
        3,
        4,
        5,
        6,
        7,
        8,
        9,
        10,
        11,
        12,
        13,
        14,
        15,
        16,
        17,
        18,
        19,
        20,
        21,
        22,
        23,
        24,
        25,
        26,
        27,
        28,
        29,
        30,
        31,
        32,
        33,
        34,
        35,
        36,
        37,
        38,
        39,
        40,
        41,
        42,
        43,
        44,
        45,
        46,
        47,
        48,
        49,
        50,
        51,
        52,
        53,
        54,
        55,
        56,
        57,
        58,
        59,
        60,
        61,
        62,
        63,
        64,
        65,
        66,
        67,
        68,
        69,
        70,
        71,
        72,
        73,
        74,
        75,
        76,
        77,
        78,
        79,
        80,
        81,
        82,
        83,
        84,
        85,
        86,
        87,
        88,
        89,
        90,
        91,
        92,
        93,
        94,
        95,
        96,
        97,
        98,
        99
    ],
    "objective": [
        1.0704904041870307,
        1.2388732482220792,
        1.1897378366060762,
        1.123412567409985,
        1.1219927033690786,
        1.1380833670738768,
        1.1075225831649333,
        1.1535385174653623,
        1.0819475826320857,
        1.0236276968889044,
        0.9702145426307881,
        0.9972992968603851,
        1.0125215191501382,
        0.9824038856677652,
        0.9892866418352834,
        1.0259939257716588,
        0.9914993992958082,
        1.0189384646351134,
        0.982717374260368,
        1.0168162091053308,
        1.0107227836023172,
        0.9737862006703278,
        0.9975984349430254,
        1.0401341605661447,
        1.074836258907457,
        1.0083935063976084,
        0.995703860068357,
        0.9699585449579351,
        1.0048615351512953,
        0.9790491839469534,
        0.9587138813244652,
        0.9562211151039955,
        0.9366218609483896,
        0.9490732793463118,
        0.9371208314018059,
        0.9684650913802895,
        0.9633006520352705,
        0.9604713941972214,
        0.9401431149400183,
        0.9229697084559172,
        0.9480156888230005,
        0.949631949521995,
        0.9189252692064096,
        0.9599916902255734,
        0.9776728577582018,
        0.93616949010541,
        0.9733797526076662,
        0.9493112487722088,
        0.9158602937675588,
        1.0603836492445133,
        1.0461992326028133,
        0.9460079036532764,
        0.9295238717023013,
        0.957769636322198,
        0.9741437275248052,
        0.9607384073534645,
        0.9405925293949908,
        0.9588472819050462,
        0.952601205672898,
        0.9307611928746595,
        0.954469240936484,
        0.9644000851088883,
        0.9323398627951275,
        0.9502934406400236,
        0.9586840663321292,
        0.9669270740662125,
        0.9517346129324936,
        0.9848693107216001,
        0.9540388284132483,
        0.9424810774458402,
        0.9513996260620173,
        0.9480969369338725,
        0.9418229201761704,
        0.8814863248104184,
        0.8665763189314396,
        0.8472073296338276,
        0.8405471427248232,
        0.8447758634407743,
        0.833019665685564,
        0.7965432288245714,
        0.8608905518110407,
        0.8196040846010896,
        0.9308311303508588,
        0.8630130359386767,
        0.7992820367897718,
        0.7787810806031974,
        0.7661490813972975,
        0.7406248896665805,
        0.7616210031286348,
        0.7252195306838826,
        0.7548231296995521,
        0.7227936178335048,
        0.7393329022999342,
        0.716247730585564,
        0.7539076874990568,
        0.7370449787656673,
        0.734328331072264,
        0.7178451515392988,
        0.7278063839649294,
        0.7231915431796968
    ],
    "approx_accuracy": [
        0.0,
        84.5030257955207,
        95.2052202042353,
        93.58264192739318,
        99.85811434891326,
        98.40380994710513,
        96.99014758724411,
        95.50267443864097,
        93.0911621452732,
        94.33481355472937,
        94.7988266173229,
        97.3278748538056,
        98.48930500941457,
        97.03313833750164,
        99.31408757500542,
        96.3958260123214,
        96.6093627608821,
        97.29339661483284,
        96.44270443736738,
        96.6475978413438,
        99.39251017635597,
        96.37372508019301,
        97.64690399652832,
        95.83562270359738,
        96.58931145634811,
        93.57164817431331,
        98.73905277475234,
        97.45832696359683,
        96.56990939960441,
        97.45179395701328,
        97.98700652156921,
        99.75103381412269,
        98.05915625708754,
        98.76257797710515,
        98.81186988199832,
        96.91418788781728,
        99.48488734442978,
        99.71747407400161,
        97.98769472252596,
        98.29732159258077,
        97.5265067951539,
        99.83850447469206,
        96.97599810543583,
        95.97653792359817,
        98.24742271092782,
        95.9346104591445,
        96.34735316941925,
        97.62188327329812,
        96.7102341598129,
        86.54346995268867,
        98.59157082326708,
        90.4664313003795,
        98.36510862540368,
        97.21494175077319,
        98.375923553549,
        98.66841309798828,
        98.00556943543872,
        98.19108562378793,
        99.37733899518241,
        97.83967534892061,
        97.65707798744478,
        99.01183038323073,
        96.84482581281515,
        98.22066274483848,
        99.16444773601793,
        99.1790872698036,
        98.49223620860637,
        96.74082430610513,
        96.96399302676153,
        98.85087832609321,
        99.11211036706918,
        99.67027587503937,
        99.37456237889299,
        94.1447593349914,
        98.52005978754765,
        98.08173843461925,
        99.33619429788416,
        99.57802077337551,
        98.83126363311874,
        96.41808127551784,
        93.76792654037189,
        95.95542097546034,
        89.47355799549817,
        93.44304362359446,
        93.82573576146827,
        97.97077596906632,
        98.74474496117477,
        97.47987966105023,
        97.92227703485182,
        96.42530947162103,
        97.08302953681897,
        96.84780000644378,
        98.35967385586292,
        97.71792521966827,
        96.30403604362621,
        98.32786709426419,
        99.72870390546542,
        98.36519247362956,
        99.00882163237222,
        99.53957912311952
    ],