{
    "iteration": [
        0,
        1,
        2,
        3,
        4,
        5,
        6,
        7,
        8,
        9,
        10,
        11,
        12,
        13,
        14,
        15,
        16,
        17,
        18,
        19,
        20,
        21,
        22,
        23,
        24,
        25,
        26,
        27,
        28,
        29,
        30,
        31,
        32,
        33,
        34,
        35,
        36,
        37,
        38,
        39,
        40,
        41,
        42,
        43,
        44,
        45,
        46,
        47,
        48,
        49,
        50,
        51,
        52,
        53,
        54,
        55,
        56,
        57,
        58,
        59,
        60,
        61,
        62,
        63,
        64,
        65,
        66,
        67,
        68,
        69,
        70,
        71,
        72,
        73,
        74,
        75,
        76,
        77,
        78,
        79,
        80,
        81,
        82,
        83,
        84,
        85,
        86,
        87,
        88,
        89,
        90,
        91,
        92,
        93,
        94,
        95,
        96,
        97,
        98,
        99
    ],
    "objective": [
        1.047284693462677,
        1.0488867552708074,
        1.0707774376728298,
        1.0473018083706185,
        1.0465033310396508,
        1.0425380814631247,
        1.0409715113625433,
        1.0354416069964434,
        1.0414003544587984,
        0.989962361714135,
        1.0289974393705543,
        1.0018893661724577,
        1.0052862024496512,
        0.9918671539231048,
        0.9899879721086301,
        1.0020251281566996,
        1.0010378106807067,
        0.9993628533293946,
        0.993508861539349,
        0.998144187012202,
        0.9988868663244383,
        0.9918805246249482,
        1.0044638327609872,
        0.9346352265442988,
        0.9389243060168287,
        0.9415929369140412,
        0.9475216560036943,
        0.9412676475173545,
        0.9404086066623871,
        0.9395831954617795,
        0.9364882582079275,
        0.9674129929665026,
        0.9471664065883092,
        0.939876329007863,
        0.9446702675495025,
        0.9407670737901312,
        0.9438673944267707,
        0.9431243042757801,
        0.9345150657918655,
        0.9473530168644727,
        0.9422966498170837,
        0.9323423097102522,
        0.9392183073009867,
        0.942196687434993,
        0.9280796789159,
        0.9434152119693617,
        0.9444574400091296,
        0.9386630715637756,
        0.9339055778577381,
        0.9919150565477958,
        0.9845027233997646,
        0.9396944541095877,
        0.941772263559099,
        0.9439181611780443,
        0.9453888629492317,
        0.9462215975414165,
        0.9318060330295747,
        0.9411074119450149,
        0.9454712045581354,
        0.9463086665796705,
        0.9405812686232297,
        0.935786201692439,
        0.9429072890294078,
        0.9305441972988382,
        0.9422760890131248,
        0.9441616958288963,
        0.9434572425552606,
        0.9376942789456645,
        0.9348899063884973,
        0.9362043026363713,
        0.9470853309501239,
        0.9449434932404407,
        0.9476211422333597,
        0.9255320909818279,
        0.9231721542973154,
        0.9211854028872363,
        0.9150342336991311,
        0.965170091738325,
        0.9164673302611647,
        1.0209310767098845,
        0.9224343033296886,
        0.9413563827308351,
        0.9164673841788095,
        0.9572373752427653,
        0.9172878733649704,
        0.9209949111405034,
        0.9136242393235149,
        0.9111579856301778,
        0.917655844794829,
        0.9165026276987321,
        0.9166848953706976,
        0.9239420443773422,
        0.9219843045484541,
        0.9221042590455724,
        0.9106932820669128,
        0.9210061131378382,
        0.8989135685314624,
        0.9420202450652336,
        0.9104548110442362,
        0.9020788631757007
    ],
    "approx_accuracy": [
        0.0,
        99.83992208078533,
        97.83471797693142,
        97.67977796222588,
        99.92018413672263,
        99.60426016447971,
        99.84346563298453,
        99.44853574100358,
        99.40589706632247,
        94.986254650563,
        96.17169737771125,
        97.32560529461973,
        99.66089264442999,
        98.66705855226355,
        99.81225827421906,
        98.80350007039148,
        99.90131697615404,
        99.83264446069029,
        99.41631094334801,
        99.5375401068197,
        99.92575964057832,
        99.30181454906,
        98.749553065505,
        93.25536401059814,
        99.5720105492457,
        99.73349267328496,
        99.4088821084661,
        99.37655071199505,
        99.91413280149956,
        99.91749293575108,
        99.69098471273912,
        96.9548543635128,
        97.9956999463958,
        99.27364305804879,
        99.52175340414567,
        99.61044138002454,
        99.69044803945253,
        99.92571858721215,
        99.14277148868898,
        98.72441039066572,
        99.49563948577841,
        99.00950403508651,
        99.31475879916026,
        99.70260508399717,
        98.59821691995909,
        98.47814574329125,
        99.89583148912399,
        99.42223865303652,
        99.5253805241818,
        94.3641002913815,
        99.26150704433324,
        95.61807934815556,
        99.79243477022341,
        99.78564031733012,
        99.85303791806783,
        99.9167612035043,
        98.56878422529559,
        99.0741745101578,
        99.56457148952389,
        99.91628885519128,
        99.42889723192961,
        99.52164110494218,
        99.29042075275348,
        98.77130173174143,
        98.83366585905134,
        99.81161698239036,
        99.92957947953172,
        99.42536104114087,
        99.71995560222943,
        99.86864671925318,
        98.91779559445217,
        99.78604543879783,
        99.73259327115834,
        97.81531254126486,
        99.76428457768237,
        99.80152208741413,
        99.38677105224856,
        95.11002011144944,
        95.24641966780936,
        90.08074542841533,
        90.61986165679562,
        98.12558193050461,
        97.54181788495674,
        96.00499246161624,
        96.08379584398911,
        99.62998248064325,
        99.26564249698164,
        99.7536785011717,
        99.35232062707709,
        99.88474476031998,
        99.98177489377774,
        99.27691205135213,
        99.80441752937563,
        99.98800526971348,
        98.86538812860117,
        98.9740163839117,
        97.81497083826584,
        95.78092088505443,
        96.89275535535248,
        99.16590326496821
    ],