{
    "iteration": [
        0,
        1,
        2,
        3,
        4,
        5,
        6,
        7,
        8,
        9,
        10,
        11,
        12,
        13,
        14,
        15,
        16,
        17,
        18,
        19,
        20,
        21,
        22,
        23,
        24,
        25,
        26,
        27,
        28,
        29,
        30,
        31,
        32,
        33,
        34,
        35,
        36,
        37,
        38,
        39,
        40,
        41,
        42,
        43,
        44,
        45,
        46,
        47,
        48,
        49,
        50,
        51,
        52,
        53,
        54,
        55,
        56,
        57,
        58,
        59,
        60,
        61,
        62,
        63,
        64,
        65,
        66,
        67,
        68,
        69,
        70,
        71,
        72,
        73,
        74,
        75,
        76,
        77,
        78,
        79,
        80,
        81,
        82,
        83,
        84,
        85,
        86,
        87,
        88,
        89,
        90,
        91,
        92,
        93,
        94,
        95,
        96,
        97,
        98,
        99
    ],
    "objective": [
        1.0260754980604272,
        1.0202158805281063,
        1.0350180451639563,
        1.0437045029292866,
        1.032735460786617,
        1.0173280424603028,
        1.0231154929049486,
        1.0219621447699252,
        0.9749055767489627,
        1.1331381137693504,
        1.0136217025787462,
        0.9842506040131721,
        0.9492923246421119,
        0.9678628901288953,
        0.9862013921359772,
        0.9774863124631594,
        0.9714823829519806,
        0.9805269429900018,
        0.9649570347269116,
        0.9715166738912027,
        0.9850752136785093,
        0.9865511265229491,
        0.9950825003259897,
        0.9768939728483488,
        0.9797613476727625,
        0.9923216919427326,
        0.9981575580629745,
        0.9609400275508749,
        0.9901419274588463,
        0.9913397475487531,
        0.9728036263971066,
        0.9846317000934753,
        0.9505885366737381,
        0.9822238504281934,
        0.9663855914379189,
        0.9681943062299603,
        0.9927451636265978,
        0.9883618483553636,
        0.9871913368199093,
        0.9846445623025799,
        0.980557106328578,
        0.9592563301139521,
        0.9907285739759654,
        0.9721981302344375,
        0.9722493499570294,
        0.9732157381178884,
        0.9699500792179688,
        0.9799056488226332,
        0.9762326760714901,
        1.0152873636217536,
        0.9776333730560381,
        0.9719859266371886,
        0.9919993707106566,
        0.9903384292022667,
        0.9838659765653391,
        0.9745514135115907,
        0.9853916176749182,
        0.9794626803585553,
        0.9875226278087698,
        0.9689564676806914,
        0.9689559930425162,
        0.972660517986423,
        0.9768168437036145,
        0.9709417239592641,
        0.9628634385473156,
        0.9799432836801854,
        0.958963825978379,
        0.9907748473004564,
        0.9898704739459412,
        0.965544437085465,
        0.9810904933646225,
        0.9632915222832256,
        0.9676489207060939,
        0.8904245677021979,
        1.017894571487565,
        0.9045078479795083,
        0.9027936800523706,
        0.9217418234479959,
        0.9144830663950665,
        0.9068613300358269,
        0.924526243900446,
        0.9067190744213642,
        0.9170092543780677,
        0.941623144146659,
        0.8705538601497266,
        0.8702853502394009,
        0.8688006275676489,
        0.8898949556055058,
        0.8643567533112205,
        0.8836858343741839,
        0.8733251980270245,
        0.8637675731708139,
        0.8849929831093054,
        0.8657004147623547,
        0.8493785039386421,
        0.8856440433575105,
        0.8519674150497916,
        0.8559674165675404,
        0.8671084989417563,
        0.8828296631404955
    ],
    "approx_accuracy": [
        0.0,
        99.41575165437789,
        98.53068488616988,
        99.13511605069458,
        98.90908984363274,
        98.47106686935092,
        99.42292645853306,
        99.8847316715311,
        95.40334282809472,
        85.36512533678435,
        88.73494452386778,
        97.1056040090687,
        96.56457027632237,
        98.16008050091669,
        98.1828625140999,
        99.13227865518023,
        99.40140580569079,
        99.09962189598139,
        98.45506761181544,
        99.34618283034301,
        98.65329631974849,
        99.85251757792852,
        99.15049150950648,
        98.19758854694194,
        99.7136732168411,
        98.7518207630534,
        99.41811294690447,
        96.34665291845276,
        97.12203553696976,
        99.88028970102296,
        98.16346161785636,
        98.82416029831174,
        96.65297850063334,
        96.88598475200098,
        98.42865066748845,
        99.81929199468175,
        97.57480636502207,
        99.56262774340804,
        99.88301732459655,
        99.74564657615547,
        99.59208863040658,
        97.89244830847397,
        96.90178522736952,
        98.16401893366867,
        99.99487815891158,
        99.90340786417967,
        99.67396675643897,
        99.00938230319069,
        99.63337643623368,
        96.16981147942604,
        96.30461062871169,
        99.43684704293987,
        98.01854955323599,
        99.83404370915936,
        99.35484485663132,
        99.07286831114885,
        98.9218339118491,
        99.4088604147952,
        99.19724468357302,
        98.16051293223433,
        99.99995253619375,
        99.6302328343287,
        99.58522998501816,
        99.41421050226232,
        99.19542562497485,
        98.30651885305876,
        97.92390801840365,
        96.86896264678369,
        99.9096035467815,
        97.59674565141356,
        98.4574159885128,
        98.23584949757131,
        99.56520812637174,
        92.56821507368146,
        88.03198217004984,
        89.28053245385092,
        99.82873004195861,
        98.12302441920856,
        99.27675240961089,
        99.24072354215076,
        98.24901960489699,
        98.2350441243116,
        98.97625828105245,
        97.56865618736612,
        93.13973589602989,
        99.9731526135234,
        99.8516378983669,
        97.91266011221992,
        97.47851392256702,
        98.08565278175827,
        98.96928501681154,
        99.04879040752992,
        97.89982637578989,
        98.08923422072685,
        98.38105698044505,
        96.43841774661286,
        96.68841170429491,
        99.60079878323015,
        98.89207496457783,
        98.44017682463279
    ],