{
    "iteration": [
        0,
        1,
        2,
        3,
        4,
        5,
        6,
        7,
        8,
        9,
        10,
        11,
        12,
        13,
        14,
        15,
        16,
        17,
        18,
        19,
        20,
        21,
        22,
        23,
        24,
        25,
        26,
        27,
        28,
        29,
        30,
        31,
        32,
        33,
        34,
        35,
        36,
        37,
        38,
        39,
        40,
        41,
        42,
        43,
        44,
        45,
        46,
        47,
        48,
        49,
        50,
        51,
        52,
        53,
        54,
        55,
        56,
        57,
        58,
        59,
        60,
        61,
        62,
        63,
        64,
        65,
        66,
        67,
        68,
        69,
        70,
        71,
        72,
        73,
        74,
        75,
        76,
        77,
        78,
        79,
        80,
        81,
        82,
        83,
        84,
        85,
        86,
        87,
        88,
        89,
        90,
        91,
        92,
        93,
        94,
        95,
        96,
        97,
        98,
        99
    ],
    "objective": [
        2.6750228919909205,
        2.659447506459252,
        2.6718336326359147,
        2.675373477552299,
        2.650528573625281,
        2.6361835469235126,
        2.6908995743363757,
        2.6996291147056772,
        2.6311001983062323,
        2.668202142074787,
        2.7063890881000683,
        2.637138081526937,
        2.6375570062370977,
        2.6566209235150775,
        2.6586291309599606,
        2.6423979139180145,
        2.642739797859295,
        2.6487087077086717,
        2.6486775246696785,
        2.664093863690859,
        2.658426101964245,
        2.6652523952557576,
        2.6579565051862906,
        2.6191501032183218,
        2.6371529354538716,
        2.6185968978924175,
        2.6002533899665576,
        2.625633506126984,
        2.628622952405541,
        2.619173165296524,
        2.6274165036487793,
        2.6128942223989453,
        2.6536434873955406,
        2.5861839177036177,
        2.6121086418450314,
        2.599738042009891,
        2.620026070605614,
        2.6024021987616814,
        2.6339851957699847,
        2.6118938425122145,
        2.585018080891267,
        2.60819963922637,
        2.613412177672312,
        2.6566215140389255,
        2.6122600000170357,
        2.611741370709187,
        2.603340411057857,
        2.6028034702320806,
        2.6207090911456854,
        2.6281675095837844,
        2.580063756928319,
        2.5843717913903435,
        2.5840269086236756,
        2.603238312744887,
        2.585549748337712,
        2.5676213624330035,
        2.576408668532652,
        2.5638358693097505,
        2.586160304961621,
        2.607231672290868,
        2.553140493410079,
        2.578890623762004,
        2.5857255641888064,
        2.5889776057492333,
        2.555529734191503,
        2.5752361319620953,
        2.583463883340954,
        2.604571720613539,
        2.576198054427308,
        2.6135148402937656,
        2.601340851413645,
        2.614015225512969,
        2.591981300122309,
        2.574797415753269,
        2.5432765171004545,
        2.6094062061566756,
        2.556099361758143,
        2.562985626163348,
        2.567733711264921,
        2.5753353700823007,
        2.5967720625472186,
        2.6044019477613665,
        2.5748740277884283,
        2.581039187276126,
        2.562133819205973,
        2.59194227467955,
        2.5773851221493853,
        2.589508970852571,
        2.6165256830069388,
        2.572918630849091,
        2.571381865552126,
        2.5724110793119226,
        2.5831931475268535,
        2.5684688179341415,
        2.534026905184369,
        2.5833508000385135,
        2.5719370123813556,
        2.590908161103729,
        2.560682288836497,
        2.5352394920865127
    ],
    "approx_accuracy": [
        0.0,
        98.45452834844407,
        98.76902661571927,
        99.64664129484969,
        97.54611904966737,
        98.57573729670077,
        94.67539619557323,
        99.13084514375167,
        93.37664585492271,
        96.35778995794972,
        96.25329823552036,
        93.30924383459606,
        99.95811630265436,
        98.11166499329829,
        99.79938076545494,
        98.38997993517893,
        99.96581744943748,
        99.40488687025723,
        99.99688174471927,
        98.4701884429283,
        99.4348269733083,
        99.3196952923302,
        99.27306603276543,
        96.19369202154287,
        98.21582506508484,
        98.16150657359543,
        98.18237101989496,
        97.49392514208532,
        99.70150176666198,
        99.0594721818886,
        99.17905447940048,
        98.55826584742867,
        96.00698228817751,
        93.47655127097082,
        97.44084362797526,
        98.77056014926337,
        97.99163887143222,
        98.25305202594083,
        96.89105364406375,
        97.81508737006436,
        97.34821778595277,
        97.7085069729751,
        99.48010232587158,
        95.77108853642913,
        95.66080677248813,
        99.9481505157084,
        99.16342297995338,
        99.94632033011519,
        98.22537321936218,
        99.25693265439538,
        95.30349020459627,
        99.57012318071939,
        99.96551766985571,
        98.09719588057233,
        98.24669598975525,
        98.22313714506687,
        99.12511894347269,
        98.75059082143333,
        97.79229105213442,
        97.91490828208768,
        94.73457246408645,
        97.45785767934585,
        99.3188364652013,
        99.67532405992428,
        96.71053236114628,
        98.04865040743105,
        99.1806003927322,
        97.91133739604606,
        97.2025086025787,
        96.33709047184601,
        98.78998143257813,
        98.74056075178417,
        97.82070484320143,
        98.29629164995114,
        96.89707060597642,
        93.60094662354993,
        94.80890520298632,
        99.31373915819172,
        99.52631692352647,
        99.24271607193434,
        97.87914403812174,
        99.23991484718859,
        97.09037696557947,
        99.3853806112724,
        98.12722175328497,
        97.0631434882274,
        98.55482905443442,
        98.79493490390948,
        97.33449746969403,
        95.7330064356029,
        99.84644149221737,
        99.89713156990275,
        98.9275849936514,
        98.5383543247501,
        96.61444587315057,
        95.18727730706405,
        98.86511025017104,
        98.12076709293567,
        97.02263615689883,
        97.48781435689492
    ],