{
    "iteration": [
        0,
        1,
        2,
        3,
        4,
        5,
        6,
        7,
        8,
        9,
        10,
        11,
        12,
        13,
        14,
        15,
        16,
        17,
        18,
        19,
        20,
        21,
        22,
        23,
        24,
        25,
        26,
        27,
        28,
        29,
        30,
        31,
        32,
        33,
        34,
        35,
        36,
        37,
        38,
        39,
        40,
        41,
        42,
        43,
        44,
        45,
        46,
        47,
        48,
        49,
        50,
        51,
        52,
        53,
        54,
        55,
        56,
        57,
        58,
        59,
        60,
        61,
        62,
        63,
        64,
        65,
        66,
        67,
        68,
        69,
        70,
        71,
        72,
        73,
        74,
        75,
        76,
        77,
        78,
        79,
        80,
        81,
        82,
        83,
        84,
        85,
        86,
        87,
        88,
        89,
        90,
        91,
        92,
        93,
        94,
        95,
        96,
        97,
        98,
        99
    ],
    "objective": [
        2.5900787379685983,
        2.596695380271316,
        2.611025166587864,
        2.6146348307309877,
        2.610145492325739,
        2.5975606095789616,
        2.6209832276951377,
        2.6322356874719546,
        2.640722020749766,
        2.6008417753452413,
        2.683594282850542,
        2.581946140641497,
        2.569723435663112,
        2.614984208390289,
        2.589848356579205,
        2.60017406228663,
        2.627462669533578,
        2.6048832146728045,
        2.6100808888815332,
        2.60857592444861,
        2.596360209391655,
        2.6041452239372047,
        2.6096639704661464,
        2.598596836804926,
        2.5806923802595145,
        2.600921963517599,
        2.613920014723744,
        2.5921399971931964,
        2.598306117070188,
        2.612536989010371,
        2.6252946840493068,
        2.63068476418938,
        2.583324193576397,
        2.631098860985069,
        2.595352319880338,
        2.602000712414282,
        2.601679926863509,
        2.6252416262096077,
        2.586206132909386,
        2.6054206106354374,
        2.586064723941806,
        2.5920976223178314,
        2.6103968408087836,
        2.6139922388254213,
        2.5997466261327733,
        2.609872640217863,
        2.59592856871328,
        2.6126024796962204,
        2.610117469690805,
        2.6388176393305995,
        2.6176707046003087,
        2.6056191569673706,
        2.624472194224329,
        2.616374960603356,
        2.621896786781001,
        2.589579586334378,
        2.606077766524054,
        2.616698645861837,
        2.619409408607389,
        2.6077957798587965,
        2.597229654213688,
        2.610558851366991,
        2.621094510890616,
        2.617513434752206,
        2.5739247490057813,
        2.5881074452980593,
        2.5914362330650778,
        2.6170063842078886,
        2.604882462724882,
        2.624881814438622,
        2.6078944726263225,
        2.5963791173716984,
        2.6125157088924813,
        2.570949293478611,
        2.65873060278911,
        2.600608848035499,
        2.623360975261257,
        2.5805745505488087,
        2.585850355142846,
        2.607812802395255,
        2.5979699242551804,
        2.612603470873012,
        2.5945470414057183,
        2.624084013016635,
        2.594757706566395,
        2.6346176089444135,
        2.600142579113902,
        2.603248894666203,
        2.587117032159503,
        2.618485487818818,
        2.6080932727615362,
        2.6267665193123273,
        2.5952115066090666,
        2.5977531588865324,
        2.605426540482899,
        2.60743892089391,
        2.5940884024103923,
        2.6063531463854557,
        2.6162580888769678,
        2.6055092964715985
    ],
    "approx_accuracy": [
        0.0,
        99.34051994753354,
        98.57723964035868,
        99.63968428627663,
        99.55207236115122,
        98.74939757352074,
        97.68495622035891,
        98.88106123548211,
        99.15495740029307,
        96.09045049926398,
        92.05789554107956,
        90.33473455579434,
        98.7851688873603,
        95.57482162648313,
        97.51774234100286,
        98.97274213763062,
        97.30803629498804,
        97.76735531911407,
        99.48158103270043,
        99.84961674581594,
        98.78585939034252,
        99.22452101959793,
        99.44964537776157,
        98.89938817664489,
        98.22548758992912,
        97.9973661932178,
        98.7086058645659,
        97.84554544252113,
        99.38528516266267,
        98.58699082879993,
        98.73233393822221,
        99.4624420277383,
        95.3743443726137,
        95.33485833830241,
        96.4884821133786,
        99.33736591312598,
        99.96792658954104,
        97.67137102124784,
        96.17165740454958,
        98.09689436901965,
        98.08302356921497,
        99.39852630150862,
        98.18671955792175,
        99.64110576875518,
        98.58553759308273,
        98.99250813856176,
        98.61526967571305,
        98.34643292691659,
        99.75180750759331,
        97.17077682837373,
        97.90750938650653,
        98.80207814166684,
        98.13235696495954,
        99.19354606712301,
        99.44933910826175,
        96.81994200773426,
        98.36371694221197,
        98.94353230522557,
        99.72929080541412,
        98.84535491266371,
        98.94894997730297,
        98.67592432126318,
        98.95196461395554,
        99.64253282675753,
        95.73476472353256,
        98.59174043536485,
        99.66767465044722,
        97.47539964604026,
        98.79492771363208,
        98.0199308756293,
        98.31561295309709,
        98.85506926837752,
        98.39929057881282,
        95.9285621874121,
        91.59611670008854,
        94.35350605641067,
        97.75047505607225,
        95.8115998116447,
        99.47380880207088,
        97.82769713496103,
        99.02054044419236,
        98.5473003357621,
        98.21056110981588,
        97.08949814261335,
        97.10995367189763,
        96.09240528972862,
        96.61124633772596,
        99.68985040541565,
        98.39975591154402,
        96.91184301142718,
        98.96615974379527,
        98.1500018368606,
        96.89376511080391,
        99.74615749859113,
        99.23559836379744,
        99.79896430688834,
        98.67382044172528,
        98.78101614526274,
        99.01439498927954,
        98.93087694390088
    ],